date,records,avg_risk,high_risk_pct,avg_cost_deviation,avg_time_deviation,safety_events,material_shortage_alerts,avg_utilization,avg_workers
2023-01-01,1440,51.30138642751024,25.833333333333336,-50.31422776480843,-0.16646636660658395,121,281,75.52799899850766,27.31111111111111
2023-01-02,1440,50.556000888517396,25.972222222222225,-30.883416785237674,-0.04118214188809685,133,289,74.86592383933917,26.821527777777778
2023-01-03,1440,51.82208261058179,25.34722222222222,57.19374691580575,-0.02036813656195375,128,267,74.74536491531741,26.8375
2023-01-04,1440,48.93571118273906,24.02777777777778,-4.703454048641588,-0.06390156937319708,153,286,75.2439445703797,26.961805555555557
2023-01-05,1440,49.09997603866771,24.23611111111111,101.06964177816954,0.19171953940291583,135,297,74.4607283156747,27.07847222222222
2023-01-06,1440,49.195352723387096,23.125,56.295941649610036,0.053671863341515705,132,288,75.14106106936497,26.25
2023-01-07,1440,50.944907678627686,25.069444444444443,-55.222397328345636,0.18720746992938603,152,267,75.51101492212865,27.14375
2023-01-08,1440,50.43581059368446,24.65277777777778,-114.92384650042077,-0.06750669441753912,123,286,74.72756200786486,26.729166666666668
2023-01-09,1440,50.697041561687094,25.833333333333336,-1.16060076150821,-0.08984633556296426,150,290,74.83151261038495,27.12152777777778
2023-01-10,1440,49.3578595671816,24.23611111111111,-104.19830533099389,0.14485223597740632,139,296,74.90578905339683,27.62847222222222
2023-01-11,1440,49.19523738892595,23.958333333333336,17.118019185578685,0.08295785687032899,121,284,75.0287649186875,26.95625
2023-01-12,1440,48.81501341015955,24.375,-112.05909491895798,0.11428784210482477,156,268,74.61246867964505,26.99652777777778
2023-01-13,1440,50.72405964813548,25.624999999999996,10.968836558435378,-0.06474934410943756,140,273,74.76770654501281,27.18611111111111
2023-01-14,1440,51.09953201165545,26.52777777777778,78.0191129590215,0.11436864861700584,138,272,75.53241830006709,26.652083333333334
2023-01-15,1440,48.883717257181544,24.02777777777778,68.98266836687996,-0.0906581649252663,154,284,75.1859289846935,26.674305555555556
2023-01-16,1440,49.21385634604597,23.61111111111111,-18.506058986744467,0.03408309922285549,121,296,74.90721129031934,27.2
2023-01-17,1440,50.05496211496782,25.763888888888886,25.953468086054468,0.29929584787080876,144,305,74.87923925051493,26.8125
2023-01-18,1440,50.962106024063054,27.291666666666664,110.17130494838295,-0.19771785055464564,140,292,75.33895618261063,27.384027777777778
2023-01-19,1440,50.53566056050608,26.666666666666668,-1.271104193229782,-0.2810246401946779,127,266,74.65473760381138,27.086805555555557
2023-01-20,1440,49.90903865332821,25.069444444444443,14.500599684099527,0.28653270546984794,135,272,74.28062630190959,27.10625
2023-01-21,1440,49.97889977859402,25.13888888888889,74.62464179864284,0.010453655875705042,118,265,74.7474786283338,27.04652777777778
2023-01-22,1440,50.178748657524544,26.666666666666668,26.708726332339605,0.1465626725827335,123,267,74.56793784750263,27.16875
2023-01-23,1440,49.41019302499423,24.305555555555554,-24.983233342453367,0.2089656299882939,137,294,74.9762779563973,26.725694444444443
2023-01-24,1440,51.66024547420276,27.916666666666668,26.73851119483474,-0.04501722218305285,141,273,75.2315787182644,26.98263888888889
2023-01-25,1440,49.556732122806935,24.375,-2.0550266558487973,0.26698313189561057,145,285,75.10602212637036,26.396527777777777
2023-01-26,1440,50.8155624729333,26.25,-48.477680702961365,-0.11434472624105549,128,310,74.65369338018309,27.04513888888889
2023-01-27,1440,50.70627831744688,25.555555555555554,-79.75359760204465,0.07679560484686813,138,309,75.13609300102642,27.738194444444446
2023-01-28,1440,50.56431909501713,25.833333333333336,19.82566643824457,0.015607822361756249,149,296,75.22202450017141,26.82847222222222
2023-01-29,1440,49.0607882361455,23.819444444444443,40.81035464512403,0.11736258456438647,156,299,74.54495459095885,27.216666666666665
2023-01-30,1440,49.5817723858,24.72222222222222,27.480004838544694,0.11050406102376586,152,314,74.8092656206451,27.281944444444445
2023-01-31,1440,50.14908304402816,24.166666666666668,-126.47722658850378,0.10479349305822536,152,287,74.36933944213379,26.833333333333332
2023-02-01,1440,51.31576623573061,26.38888888888889,-19.560148885466738,-0.05517169294805584,136,291,75.60659294067288,27.449305555555554
2023-02-02,1440,51.086941334902086,26.52777777777778,-98.79135078781918,0.04377951452663387,138,293,74.38246710934617,27.34722222222222
2023-02-03,1440,50.55052339431641,25.624999999999996,-57.43818081410006,-0.16800370602473952,138,281,74.97966412625668,26.84861111111111
2023-02-04,1040,49.95979784194966,23.46153846153846,50.8316977405739,0.03387596548609055,100,211,74.84154129698064,27.241346153846155
